model,task,accuracy,samples,avg_confidence,avg_response_time
gpt-4,kpi_anomaly_detection,0.8,20,0.8035790009637681,2.0511472803394177
gpt-4,overall,0.8,20,0.8035790009637681,2.0511472803394177
llama-3,kpi_anomaly_detection,0.6,20,0.8052766616435528,2.2757788112929287
llama-3,overall,0.6,20,0.8052766616435528,2.2757788112929287
phi-3,kpi_anomaly_detection,0.7,20,0.8270018861780978,2.245937237846871
phi-3,overall,0.7,20,0.8270018861780978,2.245937237846871
