model,task,accuracy,samples,avg_confidence,avg_response_time
gpt-4,kpi_anomaly_detection,0.95,20,0.8406755617443167,2.348998069340124
gpt-4,overall,0.95,20,0.8406755617443167,2.348998069340124
llama-3,kpi_anomaly_detection,0.75,20,0.8278501948415432,2.673420879318539
llama-3,overall,0.75,20,0.8278501948415432,2.673420879318539
phi-3,kpi_anomaly_detection,0.85,20,0.8181766888425923,2.4271118440167396
phi-3,overall,0.85,20,0.8181766888425923,2.4271118440167396
