model,task,accuracy,samples,avg_confidence,avg_response_time
gpt-4,kpi_anomaly_detection,1.0,20,0.8178773723212689,2.312487832494275
gpt-4,overall,1.0,20,0.8178773723212689,2.312487832494275
llama-3,kpi_anomaly_detection,0.6,20,0.8229773224181173,2.4022126538717705
llama-3,overall,0.6,20,0.8229773224181173,2.4022126538717705
phi-3,kpi_anomaly_detection,0.65,20,0.8456038793036882,2.0793092334593126
phi-3,overall,0.65,20,0.8456038793036882,2.0793092334593126
