model,task,accuracy,samples,avg_confidence,avg_response_time
gpt-4,kpi_anomaly_detection,1.0,20,0.8300048663347029,2.043831817706612
gpt-4,overall,1.0,20,0.8300048663347029,2.043831817706612
llama-3,kpi_anomaly_detection,0.8,20,0.8182711504514554,2.142505478021326
llama-3,overall,0.8,20,0.8182711504514554,2.142505478021326
phi-3,kpi_anomaly_detection,0.45,20,0.8264138313571096,2.347341491073247
phi-3,overall,0.45,20,0.8264138313571096,2.347341491073247
