model,task,accuracy,samples,avg_confidence,avg_response_time
gpt-4,kpi_anomaly_detection,0.95,20,0.8147944592310898,2.5987646820720864
gpt-4,overall,0.95,20,0.8147944592310898,2.5987646820720864
llama-3,kpi_anomaly_detection,0.7,20,0.8225385574604482,2.314118467647691
llama-3,overall,0.7,20,0.8225385574604482,2.314118467647691
phi-3,kpi_anomaly_detection,0.6,20,0.8254361947770802,2.717828961844591
phi-3,overall,0.6,20,0.8254361947770802,2.717828961844591
